URL,Version,Status,OIDs,Name,Title,Description,Uses,Used,Sources
http://hl7.org/fhir/ValueSet/body-site,4.0.1,draft,"2.16.840.1.113883.4.642.3.141",SNOMEDCTBodyStructures,SNOMED CT Body Structures,"This value set includes all codes from [SNOMED CT](http://snomed.info/sct) where concept is-a 442083009 (Anatomical or acquired body site (body structure)).","StructureDefinition/access-bh-condition,StructureDefinition/access-eckm-condition,StructureDefinition/access-msk-condition,StructureDefinition/access-ckm-condition,StructureDefinition/access-condition,StructureDefinition/access-clinical-exclusion-condition","SCT"
http://hl7.org/fhir/ValueSet/bundle-type,4.0.1,active,"2.16.840.1.113883.4.642.3.620",BundleType,BundleType,"Indicates the purpose of a bundle - how it is intended to be used.","StructureDefinition/access-data-reporting-bundle","hl7.fhir.r4.core"
http://hl7.org/fhir/ValueSet/composition-attestation-mode,4.0.1,draft,"2.16.840.1.113883.4.642.3.238",CompositionAttestationMode,CompositionAttestationMode,"The way in which a person authenticated a composition.","StructureDefinition/access-data-reporting-composition","hl7.fhir.r4.core"
http://hl7.org/fhir/ValueSet/composition-status,4.0.1,draft,"2.16.840.1.113883.4.642.3.241",CompositionStatus,CompositionStatus,"The workflow/clinical status of the composition.","StructureDefinition/access-data-reporting-composition","hl7.fhir.r4.core"
http://hl7.org/fhir/ValueSet/condition-category,4.0.1,draft,"2.16.840.1.113883.4.642.3.162",ConditionCategoryCodes,Condition Category Codes,"Preferred value set for Condition Categories.","StructureDefinition/access-bh-condition,StructureDefinition/access-eckm-condition,StructureDefinition/access-msk-condition,StructureDefinition/access-ckm-condition,StructureDefinition/access-condition,StructureDefinition/access-clinical-exclusion-condition","THO"
http://hl7.org/fhir/ValueSet/condition-clinical,4.0.1,draft,"2.16.840.1.113883.4.642.3.164",ConditionClinicalStatusCodes,Condition Clinical Status Codes,"Preferred value set for Condition Clinical Status.","StructureDefinition/access-bh-condition,StructureDefinition/access-eckm-condition,StructureDefinition/access-msk-condition,StructureDefinition/access-ckm-condition,StructureDefinition/access-condition,StructureDefinition/access-clinical-exclusion-condition","THO"
http://hl7.org/fhir/ValueSet/condition-severity,4.0.1,draft,"2.16.840.1.113883.4.642.3.168",Condition/DiagnosisSeverity,Condition/Diagnosis Severity,"Preferred value set for Condition/Diagnosis severity grading.","StructureDefinition/access-bh-condition,StructureDefinition/access-eckm-condition,StructureDefinition/access-msk-condition,StructureDefinition/access-ckm-condition,StructureDefinition/access-condition,StructureDefinition/access-clinical-exclusion-condition","SCT"
http://hl7.org/fhir/ValueSet/condition-stage,4.0.1,draft,"2.16.840.1.113883.4.642.3.170",ConditionStage,Condition Stage,"Example value set for stages of cancer and other conditions.","StructureDefinition/access-bh-condition,StructureDefinition/access-eckm-condition,StructureDefinition/access-msk-condition,StructureDefinition/access-ckm-condition,StructureDefinition/access-condition,StructureDefinition/access-clinical-exclusion-condition","SCT"
http://hl7.org/fhir/ValueSet/condition-stage-type,4.0.1,draft,"2.16.840.1.113883.4.642.3.171",ConditionStageType,Condition Stage Type,"Example value set for the type of stages of cancer and other conditions","StructureDefinition/access-bh-condition,StructureDefinition/access-eckm-condition,StructureDefinition/access-msk-condition,StructureDefinition/access-ckm-condition,StructureDefinition/access-condition,StructureDefinition/access-clinical-exclusion-condition","SCT"
http://hl7.org/fhir/ValueSet/condition-ver-status,4.0.1,draft,"2.16.840.1.113883.4.642.3.166",ConditionVerificationStatus,ConditionVerificationStatus,"The verification status to support or decline the clinical status of the condition or diagnosis.","StructureDefinition/access-bh-condition,StructureDefinition/access-eckm-condition,StructureDefinition/access-msk-condition,StructureDefinition/access-ckm-condition,StructureDefinition/access-condition,StructureDefinition/access-clinical-exclusion-condition","THO"
http://hl7.org/fhir/ValueSet/doc-section-codes,4.0.1,draft,"2.16.840.1.113883.4.642.3.237",DocumentSectionCodes,Document Section Codes,"Document section codes (LOINC codes used in CCDA sections).","StructureDefinition/access-data-reporting-composition","LOINC"
http://hl7.org/fhir/ValueSet/doc-typecodes,4.0.1,draft,"2.16.840.1.113883.4.642.3.240",FHIRDocumentTypeCodes,FHIR Document Type Codes,"FHIR Document Codes - all LOINC codes where scale type = 'DOC'.","StructureDefinition/access-data-reporting-composition","LOINC"
http://hl7.org/fhir/ValueSet/document-classcodes,4.0.1,active,"2.16.840.1.113883.3.88.12.80.46",DocumentClassValueSet,Document Class Value Set,"This is the code specifying the high-level kind of document (e.g. Prescription, Discharge Summary, Report, etc.). Note: Class code for documents comes from LOINC, and is based upon one of the following:The type of service described by the document. It is described at a very high level in Section 7.3 of the LOINC Manual. The type study performed. It was determined by identifying modalities for study reports. The section of the chart where the document is placed. It was determined from the SETs created for Claims Attachment requests.","StructureDefinition/access-data-reporting-composition","LOINC"
http://hl7.org/fhir/ValueSet/document-relationship-type,4.0.1,draft,"2.16.840.1.113883.4.642.3.244",DocumentRelationshipType,DocumentRelationshipType,"The type of relationship between documents.","StructureDefinition/access-data-reporting-composition","hl7.fhir.r4.core"
http://hl7.org/fhir/ValueSet/http-verb,4.0.1,active,"2.16.840.1.113883.4.642.3.624",HTTPVerb,HTTPVerb,"HTTP verbs (in the HTTP command line). See [HTTP rfc](https://tools.ietf.org/html/rfc7231) for details.","StructureDefinition/access-data-reporting-bundle","hl7.fhir.r4.core"
http://hl7.org/fhir/ValueSet/languages,4.0.1,draft,"2.16.840.1.113883.4.642.3.20",CommonLanguages,Common Languages,"This value set includes common codes from BCP-47 (http://tools.ietf.org/html/bcp47)","StructureDefinition/access-check-eligibility-in,StructureDefinition/access-eckm-condition,StructureDefinition/access-msk-condition,StructureDefinition/access-submission-status-out,StructureDefinition/access-ckm-condition,StructureDefinition/access-unalign-in,StructureDefinition/access-unalign-out,StructureDefinition/access-report-data-out,StructureDefinition/access-check-eligibility-out,StructureDefinition/access-bh-condition,StructureDefinition/access-data-reporting-composition,StructureDefinition/access-align-in,StructureDefinition/access-report-data-in,StructureDefinition/access-data-reporting-bundle,StructureDefinition/access-condition,StructureDefinition/access-clinical-exclusion-condition,StructureDefinition/access-align-out","hl7.terminology.r4"
http://hl7.org/fhir/ValueSet/list-empty-reason,4.0.1,draft,"2.16.840.1.113883.4.642.3.322",ListEmptyReasons,List Empty Reasons,"General reasons for a list to be empty. Reasons are either related to a summary list (i.e. problem or medication list) or to a workflow related list (i.e. consultation list).","StructureDefinition/access-data-reporting-composition","THO"
http://hl7.org/fhir/ValueSet/list-mode,4.0.1,draft,"2.16.840.1.113883.4.642.3.318",ListMode,ListMode,"The processing mode that applies to this list.","StructureDefinition/access-data-reporting-composition","hl7.fhir.r4.core"
http://hl7.org/fhir/ValueSet/list-order,4.0.1,draft,"2.16.840.1.113883.4.642.3.324",ListOrderCodes,List Order Codes,"Base values for the order of the items in a list resource.","StructureDefinition/access-data-reporting-composition","THO"
http://hl7.org/fhir/ValueSet/manifestation-or-symptom,4.0.1,draft,"2.16.840.1.113883.4.642.3.169",ManifestationAndSymptomCodes,Manifestation and Symptom Codes,"Example value set for Manifestation and Symptom codes.","StructureDefinition/access-bh-condition,StructureDefinition/access-eckm-condition,StructureDefinition/access-msk-condition,StructureDefinition/access-ckm-condition,StructureDefinition/access-condition,StructureDefinition/access-clinical-exclusion-condition","SCT"
http://hl7.org/fhir/ValueSet/search-entry-mode,4.0.1,active,"2.16.840.1.113883.4.642.3.622",SearchEntryMode,SearchEntryMode,"Why an entry is in the result set - whether it's included as a match or because of an _include requirement, or to convey information or warning information about the search process.","StructureDefinition/access-data-reporting-bundle","hl7.fhir.r4.core"
http://hl7.org/fhir/us/core/ValueSet/us-core-condition-code,6.1.0,active,,USCoreConditionCodes,US Core Condition Codes,"This describes the problem. Diagnosis/Problem List is broadly defined as a series of brief statements that catalog a patient's medical, nursing, dental, social, preventative and psychiatric events and issues that are relevant to that patient's healthcare (e.g., signs, symptoms, and defined conditions). ICD-10 is appropriate for Diagnosis information, and ICD-9 for historical information.","StructureDefinition/access-condition,StructureDefinition/access-clinical-exclusion-condition","SCT,hl7.terminology.r4"
http://hl7.org/fhir/us/core/ValueSet/us-core-problem-or-health-concern,6.1.0,active,,USCoreProblemOrHealthConcern,US Core Problem or Health Concern,"Code set for category codes for *US Core Condition Problems and Health Concerns Profile* consisting of the concepts ""problem"" and ""health-concern"".","StructureDefinition/access-bh-condition,StructureDefinition/access-eckm-condition,StructureDefinition/access-msk-condition,StructureDefinition/access-ckm-condition,StructureDefinition/access-condition,StructureDefinition/access-clinical-exclusion-condition","hl7.fhir.us.core,THO"
http://hl7.org/fhir/us/core/ValueSet/us-core-screening-assessment-condition-category,6.1.0,active,,USCoreScreeningAssessmentConditionCategory,US Core Screening Assessment Condition Category,"Category codes used in the US Core Condition Screening Assessment Profile to help identify the type of USCDI Health Status/Assessment data class being reported.","StructureDefinition/access-bh-condition,StructureDefinition/access-eckm-condition,StructureDefinition/access-msk-condition,StructureDefinition/access-ckm-condition,StructureDefinition/access-condition,StructureDefinition/access-clinical-exclusion-condition","hl7.fhir.us.core"
http://loinc.org/vs/LL1013-3,null,active,,LOINCAnswersLL1013-3,LOINC Answer Codes for LL1013-3,"","Questionnaire/PROMISPhysicalFunctionCATQuestionnaireExample","LOINC"
http://loinc.org/vs/LL1017-4,null,active,,LOINCAnswersLL1017-4,LOINC Answer Codes for LL1017-4,"","Questionnaire/PROMISPainInterferenceCATQuestionnaireExample","LOINC"
http://loinc.org/vs/LL1017-4,null,active,,LOINCAnswersLL1017-4,LOINC Answer Codes for LL1017-4,"","Questionnaire/PROMISPainInterferenceCATQuestionnaireExample","LOINC"
http://loinc.org/vs/LL1017-4,null,active,,LOINCAnswersLL1017-4,LOINC Answer Codes for LL1017-4,"","Questionnaire/PROMISPainInterferenceCATQuestionnaireExample","LOINC"
http://loinc.org/vs/LL1017-4,null,active,,LOINCAnswersLL1017-4,LOINC Answer Codes for LL1017-4,"","Questionnaire/PROMISPainInterferenceCATQuestionnaireExample","LOINC"
http://loinc.org/vs/LL1017-4,null,active,,LOINCAnswersLL1017-4,LOINC Answer Codes for LL1017-4,"","Questionnaire/PROMISPainInterferenceSFQuestionnaireExample","LOINC"
http://loinc.org/vs/LL1017-4,null,active,,LOINCAnswersLL1017-4,LOINC Answer Codes for LL1017-4,"","Questionnaire/PROMISPainInterferenceSFQuestionnaireExample","LOINC"
http://loinc.org/vs/LL1017-4,null,active,,LOINCAnswersLL1017-4,LOINC Answer Codes for LL1017-4,"","Questionnaire/PROMISPainInterferenceSFQuestionnaireExample","LOINC"
http://loinc.org/vs/LL1017-4,null,active,,LOINCAnswersLL1017-4,LOINC Answer Codes for LL1017-4,"","Questionnaire/PROMISPainInterferenceSFQuestionnaireExample","LOINC"
http://loinc.org/vs/LL1017-4,null,active,,LOINCAnswersLL1017-4,LOINC Answer Codes for LL1017-4,"","Questionnaire/PROMISPainInterferenceSFQuestionnaireExample","LOINC"
http://loinc.org/vs/LL1017-4,null,active,,LOINCAnswersLL1017-4,LOINC Answer Codes for LL1017-4,"","Questionnaire/PROMISPainInterferenceSFQuestionnaireExample","LOINC"
http://loinc.org/vs/LL1021-6,null,active,,LOINCAnswersLL1021-6,LOINC Answer Codes for LL1021-6,"","Questionnaire/PROMISPhysicalFunctionCATQuestionnaireExample","LOINC"
http://loinc.org/vs/LL1021-6,null,active,,LOINCAnswersLL1021-6,LOINC Answer Codes for LL1021-6,"","Questionnaire/PROMISPhysicalFunctionCATQuestionnaireExample","LOINC"
http://loinc.org/vs/LL1021-6,null,active,,LOINCAnswersLL1021-6,LOINC Answer Codes for LL1021-6,"","Questionnaire/PROMISPhysicalFunctionQuestionnaireExample","LOINC"
http://loinc.org/vs/LL1021-6,null,active,,LOINCAnswersLL1021-6,LOINC Answer Codes for LL1021-6,"","Questionnaire/PROMISPhysicalFunctionQuestionnaireExample","LOINC"
http://loinc.org/vs/LL1022-4,null,active,,LOINCAnswersLL1022-4,LOINC Answer Codes for LL1022-4,"","Questionnaire/PROMISPhysicalFunctionCATQuestionnaireExample","LOINC"
http://loinc.org/vs/LL1022-4,null,active,,LOINCAnswersLL1022-4,LOINC Answer Codes for LL1022-4,"","Questionnaire/PROMISPhysicalFunctionQuestionnaireExample","LOINC"
http://loinc.org/vs/LL1022-4,null,active,,LOINCAnswersLL1022-4,LOINC Answer Codes for LL1022-4,"","Questionnaire/PROMISPhysicalFunctionQuestionnaireExample","LOINC"
http://loinc.org/vs/LL1022-4,null,active,,LOINCAnswersLL1022-4,LOINC Answer Codes for LL1022-4,"","Questionnaire/PROMISPhysicalFunctionQuestionnaireExample","LOINC"
http://loinc.org/vs/LL1022-4,null,active,,LOINCAnswersLL1022-4,LOINC Answer Codes for LL1022-4,"","Questionnaire/PROMISPhysicalFunctionQuestionnaireExample","LOINC"
http://loinc.org/vs/LL358-3,null,active,,LOINCAnswersLL358-3,LOINC Answer Codes for LL358-3,"","Questionnaire/GAD7QuestionnaireExample","LOINC"
http://loinc.org/vs/LL358-3,null,active,,LOINCAnswersLL358-3,LOINC Answer Codes for LL358-3,"","Questionnaire/GAD7QuestionnaireExample","LOINC"
http://loinc.org/vs/LL358-3,null,active,,LOINCAnswersLL358-3,LOINC Answer Codes for LL358-3,"","Questionnaire/GAD7QuestionnaireExample","LOINC"
http://loinc.org/vs/LL358-3,null,active,,LOINCAnswersLL358-3,LOINC Answer Codes for LL358-3,"","Questionnaire/GAD7QuestionnaireExample","LOINC"
http://loinc.org/vs/LL358-3,null,active,,LOINCAnswersLL358-3,LOINC Answer Codes for LL358-3,"","Questionnaire/GAD7QuestionnaireExample","LOINC"
http://loinc.org/vs/LL358-3,null,active,,LOINCAnswersLL358-3,LOINC Answer Codes for LL358-3,"","Questionnaire/GAD7QuestionnaireExample","LOINC"
http://loinc.org/vs/LL358-3,null,active,,LOINCAnswersLL358-3,LOINC Answer Codes for LL358-3,"","Questionnaire/GAD7QuestionnaireExample","LOINC"
http://loinc.org/vs/LL358-3,null,active,,LOINCAnswersLL358-3,LOINC Answer Codes for LL358-3,"","Questionnaire/PHQ9QuestionnaireExample","LOINC"
http://loinc.org/vs/LL358-3,null,active,,LOINCAnswersLL358-3,LOINC Answer Codes for LL358-3,"","Questionnaire/PHQ9QuestionnaireExample","LOINC"
http://loinc.org/vs/LL358-3,null,active,,LOINCAnswersLL358-3,LOINC Answer Codes for LL358-3,"","Questionnaire/PHQ9QuestionnaireExample","LOINC"
http://loinc.org/vs/LL358-3,null,active,,LOINCAnswersLL358-3,LOINC Answer Codes for LL358-3,"","Questionnaire/PHQ9QuestionnaireExample","LOINC"
http://loinc.org/vs/LL358-3,null,active,,LOINCAnswersLL358-3,LOINC Answer Codes for LL358-3,"","Questionnaire/PHQ9QuestionnaireExample","LOINC"
http://loinc.org/vs/LL358-3,null,active,,LOINCAnswersLL358-3,LOINC Answer Codes for LL358-3,"","Questionnaire/PHQ9QuestionnaireExample","LOINC"
http://loinc.org/vs/LL358-3,null,active,,LOINCAnswersLL358-3,LOINC Answer Codes for LL358-3,"","Questionnaire/PHQ9QuestionnaireExample","LOINC"
http://loinc.org/vs/LL358-3,null,active,,LOINCAnswersLL358-3,LOINC Answer Codes for LL358-3,"","Questionnaire/PHQ9QuestionnaireExample","LOINC"
http://loinc.org/vs/LL358-3,null,active,,LOINCAnswersLL358-3,LOINC Answer Codes for LL358-3,"","Questionnaire/PHQ9QuestionnaireExample","LOINC"
http://loinc.org/vs/LL359-1,null,active,,LOINCAnswersLL359-1,LOINC Answer Codes for LL359-1,"","Questionnaire/PHQ9QuestionnaireExample","LOINC"
http://loinc.org/vs/LL3898-5,null,active,,LOINCAnswersLL3898-5,LOINC Answer Codes for LL3898-5,"","Questionnaire/NeckDisabilityIndexQuestionnaireExample","LOINC"
http://loinc.org/vs/LL3899-3,null,active,,LOINCAnswersLL3899-3,LOINC Answer Codes for LL3899-3,"","Questionnaire/NeckDisabilityIndexQuestionnaireExample","LOINC"
http://loinc.org/vs/LL3900-9,null,active,,LOINCAnswersLL3900-9,LOINC Answer Codes for LL3900-9,"","Questionnaire/NeckDisabilityIndexQuestionnaireExample","LOINC"
http://loinc.org/vs/LL3901-7,null,active,,LOINCAnswersLL3901-7,LOINC Answer Codes for LL3901-7,"","Questionnaire/NeckDisabilityIndexQuestionnaireExample","LOINC"
http://loinc.org/vs/LL3902-5,null,active,,LOINCAnswersLL3902-5,LOINC Answer Codes for LL3902-5,"","Questionnaire/NeckDisabilityIndexQuestionnaireExample","LOINC"
http://loinc.org/vs/LL3903-3,null,active,,LOINCAnswersLL3903-3,LOINC Answer Codes for LL3903-3,"","Questionnaire/NeckDisabilityIndexQuestionnaireExample","LOINC"
http://loinc.org/vs/LL3904-1,null,active,,LOINCAnswersLL3904-1,LOINC Answer Codes for LL3904-1,"","Questionnaire/NeckDisabilityIndexQuestionnaireExample","LOINC"
http://loinc.org/vs/LL3905-8,null,active,,LOINCAnswersLL3905-8,LOINC Answer Codes for LL3905-8,"","Questionnaire/NeckDisabilityIndexQuestionnaireExample","LOINC"
http://loinc.org/vs/LL3906-6,null,active,,LOINCAnswersLL3906-6,LOINC Answer Codes for LL3906-6,"","Questionnaire/NeckDisabilityIndexQuestionnaireExample","LOINC"
http://loinc.org/vs/LL3907-4,null,active,,LOINCAnswersLL3907-4,LOINC Answer Codes for LL3907-4,"","Questionnaire/NeckDisabilityIndexQuestionnaireExample","LOINC"
http://loinc.org/vs/LL4051-0,null,active,,LOINCAnswersLL4051-0,LOINC Answer Codes for LL4051-0,"","Questionnaire/HOOSJRQuestionnaireExample","LOINC"
http://loinc.org/vs/LL4051-0,null,active,,LOINCAnswersLL4051-0,LOINC Answer Codes for LL4051-0,"","Questionnaire/HOOSJRQuestionnaireExample","LOINC"
http://loinc.org/vs/LL4051-0,null,active,,LOINCAnswersLL4051-0,LOINC Answer Codes for LL4051-0,"","Questionnaire/HOOSJRQuestionnaireExample","LOINC"
http://loinc.org/vs/LL4051-0,null,active,,LOINCAnswersLL4051-0,LOINC Answer Codes for LL4051-0,"","Questionnaire/HOOSJRQuestionnaireExample","LOINC"
http://loinc.org/vs/LL4051-0,null,active,,LOINCAnswersLL4051-0,LOINC Answer Codes for LL4051-0,"","Questionnaire/HOOSJRQuestionnaireExample","LOINC"
http://loinc.org/vs/LL4051-0,null,active,,LOINCAnswersLL4051-0,LOINC Answer Codes for LL4051-0,"","Questionnaire/HOOSJRQuestionnaireExample","LOINC"
http://loinc.org/vs/LL4051-0,null,active,,LOINCAnswersLL4051-0,LOINC Answer Codes for LL4051-0,"","Questionnaire/KOOSJRQuestionnaireExample","LOINC"
http://loinc.org/vs/LL4051-0,null,active,,LOINCAnswersLL4051-0,LOINC Answer Codes for LL4051-0,"","Questionnaire/KOOSJRQuestionnaireExample","LOINC"
http://loinc.org/vs/LL4051-0,null,active,,LOINCAnswersLL4051-0,LOINC Answer Codes for LL4051-0,"","Questionnaire/KOOSJRQuestionnaireExample","LOINC"
http://loinc.org/vs/LL4051-0,null,active,,LOINCAnswersLL4051-0,LOINC Answer Codes for LL4051-0,"","Questionnaire/KOOSJRQuestionnaireExample","LOINC"
http://loinc.org/vs/LL4051-0,null,active,,LOINCAnswersLL4051-0,LOINC Answer Codes for LL4051-0,"","Questionnaire/KOOSJRQuestionnaireExample","LOINC"
http://loinc.org/vs/LL4051-0,null,active,,LOINCAnswersLL4051-0,LOINC Answer Codes for LL4051-0,"","Questionnaire/KOOSJRQuestionnaireExample","LOINC"
http://loinc.org/vs/LL4051-0,null,active,,LOINCAnswersLL4051-0,LOINC Answer Codes for LL4051-0,"","Questionnaire/KOOSJRQuestionnaireExample","LOINC"
http://terminology.hl7.org/ValueSet/v3-ActCode,3.0.0,active,,ActCode,v3 Code System ActCode,"A code specifying the particular kind of Act that the Act-instance represents within its class.  Constraints:  The kind of Act (e.g. physical examination, serum potassium, inpatient encounter, charge financial transaction, etc.) is specified with a code from one of several, typically external, coding systems.  The coding system will depend on the class of Act, such as LOINC for observations, etc. Conceptually, the Act.code must be a specialization of the Act.classCode. This is why the structure of ActClass domain should be reflected in the superstructure of the ActCode domain and then individual codes or externally referenced vocabularies subordinated under these domains that reflect the ActClass structure. Act.classCode and Act.code are not modifiers of each other but the Act.code concept should really imply the Act.classCode concept. For a negative example, it is not appropriate to use an Act.code ""potassium"" together with and Act.classCode for ""laboratory observation"" to somehow mean ""potassium laboratory observation"" and then use the same Act.code for ""potassium"" together with Act.classCode for ""medication"" to mean ""substitution of potassium"". This mutually modifying use of Act.code and Act.classCode is not permitted.","StructureDefinition/access-data-reporting-composition","THO (V3)"
http://terminology.hl7.org/ValueSet/v3-ConfidentialityClassification,2014-03-26,active,"2.16.840.1.113883.1.11.10228",v3.ConfidentialityClassification,V3 Value SetConfidentialityClassification," Set of codes used to value Act.Confidentiality and Role.Confidentiality attribute in accordance with the definition for concept domain ""Confidentiality"".","StructureDefinition/access-data-reporting-composition","THO (V3)"
https://dsacms.github.io/cmmi-access-model/ValueSet/ACCESSAlignmentResultVS,0.9.8,draft,,ACCESSAlignmentResultVS,ACCESS Alignment Result Value Set,"This value set includes all codes from the ACCESS Alignment Result code system.","StructureDefinition/access-align-out","Internal"
https://dsacms.github.io/cmmi-access-model/ValueSet/ACCESSBHDiagnosisVS,0.9.8,active,,ACCESSBHDiagnosisVS,ACCESS Behavioral Health (BH) Track Qualifying Diagnoses,"This value set contains ICD-10-CM diagnosis codes that qualify a patient for the ACCESS Model Behavioral Health (BH) track. Includes depression and anxiety disorder diagnoses.","StructureDefinition/access-bh-condition","hl7.terminology.r4"
https://dsacms.github.io/cmmi-access-model/ValueSet/ACCESSCKMDiagnosisVS,0.9.8,active,,ACCESSCKMDiagnosisVS,ACCESS Cardio-Kidney-Metabolic (CKM) Track Qualifying Diagnoses,"This value set contains ICD-10-CM diagnosis codes that qualify a patient for the ACCESS Model Cardio-Kidney-Metabolic (CKM) track. Includes diabetes mellitus (all types), atherosclerotic cardiovascular disease (ASCVD), and chronic kidney disease (CKD stage 3) diagnoses.","StructureDefinition/access-ckm-condition","hl7.terminology.r4"
https://dsacms.github.io/cmmi-access-model/ValueSet/ACCESSEligibilityResultVS,0.9.8,draft,,ACCESSEligibilityResultVS,ACCESS Eligibility Result Value Set,"This value set includes all codes from the ACCESS Eligibility Result code system.","StructureDefinition/access-check-eligibility-out","Internal"
https://dsacms.github.io/cmmi-access-model/ValueSet/ACCESSEventTypeVS,0.9.8,draft,,ACCESSEventTypeVS,ACCESS Event Types Value Set,"This value set includes all codes from the ACCESS Event Types code system.",,"Internal"
https://dsacms.github.io/cmmi-access-model/ValueSet/ACCESSMSKDiagnosisVS,0.9.8,active,,ACCESSMSKDiagnosisVS,ACCESS Musculoskeletal (MSK) Track Qualifying Diagnoses,"This value set contains ICD-10-CM diagnosis codes that qualify a patient for the ACCESS Model Musculoskeletal (MSK) track. Includes osteoarthritis, other arthropathies and joint disorders, spine and structural disorders, degenerative spine disease, back pain and radiculopathy, soft tissue/tendon/bursa disorders, and peripheral nerve and plexus disorders.","StructureDefinition/access-msk-condition","hl7.terminology.r4"
https://dsacms.github.io/cmmi-access-model/ValueSet/ACCESSReportDataResultVS,0.9.8,draft,,ACCESSReportDataResultVS,ACCESS Report Data Result Value Set,"This value set includes all codes from the ACCESS Report Data Result code system.","StructureDefinition/access-report-data-out","Internal"
https://dsacms.github.io/cmmi-access-model/ValueSet/ACCESSReportTypeVS,0.9.8,draft,,ACCESSReportTypeVS,ACCESS Report Type Value Set,"This value set includes all codes from the ACCESS Report Type code system.","StructureDefinition/access-report-data-in,OperationDefinition/ReportData","Internal"
https://dsacms.github.io/cmmi-access-model/ValueSet/ACCESSTrackVS,0.9.8,draft,,ACCESSTrackVS,ACCESS Model Tracks Value Set,"This value set includes all codes from the ACCESS Model Tracks code system.","OperationDefinition/Align,StructureDefinition/access-check-eligibility-in,StructureDefinition/access-align-in,StructureDefinition/access-unalign-in,StructureDefinition/access-report-data-in,OperationDefinition/ReportData,OperationDefinition/CheckEligibility,OperationDefinition/Unalign","Internal"
https://dsacms.github.io/cmmi-access-model/ValueSet/ACCESSUnalignmentReasonVS,0.9.8,draft,,ACCESSUnalignmentReasonVS,ACCESS Unalignment Reason Value Set,"This value set includes all codes from the ACCESS Unalignment Reason code system.","StructureDefinition/access-unalign-in","Internal"
https://dsacms.github.io/cmmi-access-model/ValueSet/ACCESSUnalignmentResultVS,0.9.8,draft,,ACCESSUnalignmentResultVS,ACCESS Unalignment Result Value Set,"This value set includes all codes from the ACCESS Unalignment Result code system.","StructureDefinition/access-unalign-out","Internal"
https://dsacms.github.io/cmmi-access-model/ValueSet/ACCESSeCKMDiagnosisVS,0.9.8,active,,ACCESSeCKMDiagnosisVS,ACCESS Early Cardio-Kidney-Metabolic (eCKM) Track Qualifying Diagnoses,"This value set contains ICD-10-CM diagnosis codes that qualify a patient for the ACCESS Model Early Cardio-Kidney-Metabolic (eCKM) track. Includes hypertension, dyslipidemia, prediabetes, and obesity diagnoses.","StructureDefinition/access-eckm-condition","hl7.terminology.r4"
